{"train_loss":0,"test_accuracy":0.12121212121212122,"_wandb":{"runtime":670},"_timestamp":1.7502727149757366e+09,"val_loss":0,"val_accuracy":0.10101010101010101,"_runtime":82.4632528,"_step":9}