{"val_accuracy":0.10101010101010101,"_runtime":16.2080676,"_wandb":{"runtime":16},"_step":9,"train_loss":46.182212829589844,"_timestamp":1.7507885467449496e+09,"val_loss":2.3044278621673584}