{"val_loss":36.41764450073242,"val_accuracy":0.1414141414141414,"_runtime":1.3000295,"test_accuracy":0.1717171717171717,"_wandb":{"runtime":1},"_step":49,"train_loss":0.0025133415952690746,"_timestamp":1.7507786965365093e+09}