{"_wandb":{"runtime":1},"_runtime":1.2990106,"_step":7,"acc":0.7951838971112379,"loss":0.17647400257727863,"_timestamp":1.750268999745292e+09}