{"val_loss":2.489100694656372,"val_accuracy":0.16161616161616163,"_runtime":1.9877764,"_step":49,"train_loss":1.930212480681283,"test_accuracy":0.13131313131313133,"_wandb":{"runtime":2},"_timestamp":1.7507874322355697e+09}