{"val_loss":0,"val_accuracy":0.10101010101010101,"_runtime":1.8261676,"_step":9,"test_accuracy":0.12121212121212122,"_wandb":{"runtime":300},"train_loss":0,"_timestamp":1.750272320401083e+09}