{"_wandb":{"runtime":1},"train_loss":0.0005433299645249333,"_timestamp":1.7507772945889697e+09,"val_loss":7.750457286834717,"val_accuracy":0.13131313131313133,"_runtime":1.3427889,"_step":49,"test_accuracy":0.13131313131313133}