{"_wandb":{"runtime":538},"val_accuracy":0.10101010101010101,"_runtime":535.210066,"_step":49,"train_loss":15.008270876748222,"_timestamp":1.7507891099762917e+09,"val_loss":2.2975151538848877,"test_accuracy":0.12121212121212122}