{"test_accuracy":0.18181818181818182,"_wandb":{"runtime":3407},"train_loss":0.06526186406179997,"_timestamp":1.7503621230246472e+09,"val_loss":15.10837459564209,"val_accuracy":0.1414141414141414,"_runtime":1.6406547,"_step":49}