{"_wandb":{"runtime":1},"_timestamp":1.7507882120343938e+09,"val_loss":4.327412128448486,"val_accuracy":0.20202020202020202,"_runtime":1.4280709,"_step":49,"train_loss":1.4184436627796717,"test_accuracy":0.1717171717171717}