{"train_loss":0.0004944897149731073,"_timestamp":1.7507763972904668e+09,"val_loss":34.041316986083984,"test_accuracy":0.18181818181818182,"_wandb":{"runtime":2},"val_accuracy":0.1414141414141414,"_runtime":2.2255107,"_step":49}